!AIVDM,1,1,,B,17lumohP00WO=`3vAD@4rwvD24qh,0*59
!AIVDM,1,1,,B,4050QdivUe7L;WO`4EvBojo0086s,0*54
!AIVDM,1,1,,B,17ld<JhP03WOC4OvAT:BTwvF287=,0*4E
!AIVDM,1,1,,A,B7mD=k0001okG9OTDufgSwV7GP06,0*28
!AIVDM,1,1,,A,17lod9cP00WO:vQv@w6f4?vJ2@7n,0*45
!AIVDM,1,1,,A,B7liVWh009om4<wTI68pCwV2T@89,0*5D
!AIVDM,1,1,,B,17m:5bcP0fWOOLavAO0AAOvF04qh,0*16
!AIVDM,1,1,,A,17mRKapP00WO8rIv@n7f4?vL2D3H,0*3B
!AIVDM,1,1,,B,17m:0f?P12WOB:IvATW2mOvL2@8t,0*47
!AIVDM,1,1,,A,D050QdidlB?`00C6Eqpk6D0,2*04
!AIVDM,1,1,,B,17mLHTgP0CWO=UevAB?qfwvN2H9C,0*5D
!AIVDM,1,1,,A,17mF@s?P00WOB49vAPrBTgvD0D?I,0*54
!AIVDM,1,1,,B,17m3usOP00WO:4Av@jOHUOvL0@9l,0*6D
!AIVDM,1,1,,A,17tKmmgP0I7OCF=vAStk4gvR00Rj,0*25
!AIVDM,1,1,,A,17mLH1PP00WOBc?vARIlqOvR24qh,0*3B
!AIVDM,1,1,,B,17m3ufMP007O>T3vAGG>4?vR08:P,0*16
!AIVDM,1,1,,B,18Si4F8uQC7OliAvBPMSQ2jP0<1g,0*7E
!AIVDM,1,1,,A,17mFBW0P007O<lqvA;jf4?vR2<0V,0*60
!AIVDM,1,1,,A,17mLGEp0007ONQcvAFls=FtT08:`,0*20
!AIVDM,1,1,,B,17mLIphP017O?9qvAIc>4?vT04qh,0*1A
!AIVDM,1,1,,B,17m@;R0P05WO=cmvA@A;KgvV2@<5,0*53
!AIVDM,1,1,,B,17mLIE0P00WO7E9v@RBQDgvV2D=E,0*47
!AIVDM,1,1,,B,17mLGAOP00WO7SOv@V7QhgvV24qh,0*1E
!AIVDM,1,1,,B,17m3qw0P00WO8sqv@muf4?v`28<F,0*1C
!AIVDM,1,1,,A,4050QdivUe7LEWO`4EvBojo00D17,0*16
!AIVDM,1,1,,B,17lod9cP00WO:vQv@w6f4?vd24qh,0*5C
!AIVDM,1,1,,B,H7ljfh1@:pl5R33400000000000,2*64
!AIVDM,1,1,,A,17lumohP00WO=`7vAD?Trwvb2@=d,0*53
!AIVDM,1,1,,B,H7ljfh4l93?9;>=I42kjlo00000t,0*37
!AIVDM,1,1,,A,17ld<JhP01WOC47vAT9JIOvd20Rl,0*07
!AIVDM,1,1,,A,17m:5bcP0fWOONQvAOKQ?wvb04qh,0*2E
!AIVDM,1,1,,B,17mRKapP00WO8rIv@n7f4?vf2D3H,0*12
!AIVDM,1,1,,B,B7liVWh009om4<OTI68pCwc2T0SI,0*38
!AIVDM,1,1,,A,17m:0f?P12WOB?ovATmBjOvh20S<,0*5D
!AIVDM,1,1,,B,B7liVWh009om4<OTI68pCwcRTD13,0*34
!AIVDM,1,1,,A,38SJ>gQ000WOiOqvB`e=?8bf0Dm8,0*6D
!AIVDM,1,1,,A,17m3usOP00WO:4Qv@jO`UOvf0D0V,0*4B
!AIVDM,1,1,,B,17tKmmgP0J7OCHAvAT0Rt?vl00S8,0*58
!AIVDM,1,1,,B,17mLGEp0007ONQWvAFm;=Ftl04qh,0*29
!AIVDM,1,1,,B,17mLH1PP00WOBcCvARJDqOvl28?f,0*1D
!AIVDM,1,1,,A,17mLIphP017O?9qvAIcf4?vl0L10,0*19
!AIVDM,1,1,,B,17mF@s?P00WOB4?vAPr2Tgv`08=1,0*03
!AIVDM,1,1,,B,B7mFA500<qonOtOTDvjoKweWGP06,0*4B
!AIVDM,1,1,,B,17mFBW0P007O<lqvA;jv4?vn28@;,0*56
!AIVDM,1,1,,A,18Si4F8sAC7Olo=vBPMSSRdh0@@d,0*4B
!AIVDM,1,1,,A,17m3ufMP007O>T3vAGFv4?vn04qh,0*1F
!AIVDM,1,1,,A,B7mLGQ@001okq;OTEB003wf4kP06,0*6C
!AIVDM,1,1,,B,D050QdiBlB?`00C6Eu4k6D0,2*61
!AIVDM,1,1,,B,17m:2EcP007O;7qvA0AN4?vt20S5,0*50
!AIVDM,1,1,,A,17mLGAOP00WO7SOv@V7Qhgvr28B9,0*57
!AIVDM,1,1,,A,17m@;R0P04WO=cevA@EcKgvt2<5g,0*00
!AIVDM,1,1,,B,17lumohP00WO=`;vAD?Drwvt2@Bv,0*37
!AIVDM,1,1,,A,17m3qw0P00WO8sqv@muN4?vv2D0h,0*7F
!AIVDM,1,1,,B,4050QdivUe7LOWO`4EvBojo00@Ba,0*3E
!AIVDM,1,1,,B,17ld<JhP03WOC4IvAT:ia?w020RM,0*74
!AIVDM,1,1,,A,17mRKapP00WO8rIv@n7N4?w22<3H,0*14
!AIVDM,1,1,,A,B7liVWh009om4;wTI68pCwhRT0Rh,0*4F
!AIVDM,1,1,,B,17m:0f?P12WOBECvAU4BiOw42HDJ,0*17
!AIVDM,1,1,,B,17m3usOP00WO:4Av@jNpUOw000Sr,0*2D
!AIVDM,1,1,,A,17mF@s?P00WOB4?vAPqjTgvr08BB,0*45
!AIVDM,1,1,,A,17tKmmgP0G7OCJ9vAT5Bkgw80<0D,0*38
!AIVDM,1,1,,B,17mLHTgP0DWO=RSvAB59jgw620R@,0*5C
!AIVDM,1,1,,B,17m3ufMP007O>T3vAGFv4?w808Eh,0*73
!AIVDM,1,1,,A,17mFBW0P007O<lqvA;jv4?w:20Rp,0*51
!AIVDM,1,1,,A,17mLH1PP00WOBcCvARJTqOw82@El,0*53
!AIVDM,1,1,,A,17mLGEp0007ONQWvAFmK=Fu:0@FC,0*65
!AIVDM,1,1,,B,17mLIphP017O?9mvAIdf4?w:0D10,0*5E
!AIVDM,1,1,,A,B7mFC1@009oidNwT55l03wk4kP06,0*06
!AIVDM,1,1,,A,38Si4F8r1D7Om0AvBPK3SRS800>@,0*36
!AIVDM,1,1,,B,B7ld5`P001oo2?wTCDb:7wk7kP06,0*3C
!AIVDM,1,1,,B,17m3qw0P00WO8sqv@muf4?w>20S@,0*22